,Neighborhood,Total population,number of educated people,number of 15-45,number of employers,long_latt,number_gyms,number_venues,Longitude,Latitude,Neighbourhood,Assault_Rate2020,AutoTheft_Rate2020,Robbery_Rate2020,Homicide_Rate2020
0,Agincourt North,30280.0,19805.0,11850.0,13230.0,"[-79.2816161258827, 43.797405754163]",0.0,26.0,-79.2816161258827,43.797405754163,Agincourt North,218.2301,183.4398,53.76684,0.0
1,Agincourt South-Malvern West,21990.0,14535.0,8840.0,9860.0,"[-79.2891688527481, 43.7851873380096]",0.0,34.0,-79.2891688527481,43.7851873380096,Agincourt South-Malvern West,481.6464,229.8767,65.67905,7.297672
2,Alderwood,11900.0,7915.0,4520.0,6240.0,"[-79.5532040267975, 43.5954996876866]",1.0,17.0,-79.5532040267975,43.5954996876866,Alderwood,279.414,211.4484,90.62075,0.0
3,Annex,29180.0,23495.0,15095.0,16770.0,"[-79.4121466573202, 43.6744312990078]",3.0,63.0,-79.4121466573202,43.6744312990078,Annex,792.9642,106.6897,126.8743,0.0
4,Banbury-Don Mills,26910.0,20555.0,9615.0,13030.0,"[-79.326504539789, 43.7325704244428]",2.0,14.0,-79.326504539789,43.7325704244428,Banbury-Don Mills,266.1451,157.1218,22.445970000000003,0.0
5,Bathurst Manor,15435.0,10385.0,6115.0,7425.0,"[-79.430502667246, 43.7575784301813]",1.0,26.0,-79.430502667246,43.7575784301813,Bathurst Manor,329.022,260.9485,45.38235,0.0
6,Bay Street Corridor,19345.0,16495.0,12800.0,10220.0,"[-79.3912583210563, 43.6606532521722]",1.0,96.0,-79.3912583210563,43.6606532521722,Bay Street Corridor,1573.651,76.24276,250.0762,3.04971
7,Bayview Village,17675.0,13960.0,7900.0,8750.0,"[-79.3834514087178, 43.7640817777541]",3.0,37.0,-79.3834514087178,43.7640817777541,Bayview Village,278.237,112.9078,72.58357,4.032421
8,Bayview Woods-Steeles,13535.0,10105.0,4675.0,5935.0,"[-79.3714520973767, 43.8045095069159]",0.0,18.0,-79.3714520973767,43.8045095069159,Bayview Woods-Steeles,235.378,106.99,7.132667999999999,0.0
9,Bedford Park-Nortown,23185.0,16330.0,8295.0,10945.0,"[-79.4274225674093, 43.7096042496363]",0.0,14.0,-79.4274225674093,43.7096042496363,Bedford Park-Nortown,196.0407,303.671,65.34692,0.0
10,Beechborough-Greenbrook,6490.0,3585.0,2805.0,2790.0,"[-79.4647302913102, 43.692362616926]",0.0,25.0,-79.4647302913102,43.692362616926,Beechborough-Greenbrook,729.3127,196.3534,56.10098000000001,0.0
11,Bendale,27870.0,18300.0,11460.0,12180.0,"[-79.2400495723641, 43.7466257573718]",0.0,13.0,-79.2400495723641,43.7466257573718,Bendale,659.1395,173.9396,67.13457,3.051572
12,Birchcliffe-Cliffside,21860.0,14975.0,7880.0,10925.0,"[-79.2698201397013, 43.6958383345337]",0.0,15.0,-79.2698201397013,43.6958383345337,Birchcliffe-Cliffside,587.2136,86.84145,82.70615,0.0
13,Black Creek,22060.0,11265.0,9380.0,8280.0,"[-79.5168068949797, 43.7709321923081]",0.0,16.0,-79.5168068949797,43.7709321923081,Black Creek,1210.894,349.0477,107.7308,12.92769
14,Blake-Jones,7765.0,4980.0,3475.0,3805.0,"[-79.3354787855352, 43.6725854142185]",1.0,75.0,-79.3354787855352,43.6725854142185,Blake-Jones,675.7572,84.46965,48.26837,0.0
15,Briar Hill-Belgravia,14295.0,9600.0,6220.0,7585.0,"[-79.4400702000353, 43.7055855281681]",0.0,24.0,-79.4400702000353,43.7055855281681,Briar Hill-Belgravia,556.7064,239.5132,64.7333,0.0
16,Bridle Path-Sunnybrook-York Mills,8715.0,6570.0,2840.0,4025.0,"[-79.4022194797677, 43.7441935625678]",1.0,15.0,-79.4022194797677,43.7441935625678,Bridle Path-Sunnybrook-York Mills,411.2594,146.2256,73.11278,0.0
17,Broadview North,11565.0,8055.0,5180.0,5805.0,"[-79.3630337935626, 43.683474326764404]",1.0,48.0,-79.3630337935626,43.683474326764404,Broadview North,501.1316,56.57937,24.2483,0.0
18,Brookhaven-Amesbury,17785.0,10145.0,7505.0,7860.0,"[-79.4770994524835, 43.7090878618258]",0.0,22.0,-79.4770994524835,43.7090878618258,Brookhaven-Amesbury,465.8056,285.8353,84.69193,0.0
19,Cabbagetown-South St. James Town,12050.0,9595.0,5335.0,7155.0,"[-79.3713421467449, 43.6718887916088]",0.0,87.0,-79.3713421467449,43.6718887916088,,,,,
20,Caledonia-Fairbank,9855.0,5285.0,4240.0,4785.0,"[-79.4628934618934, 43.6889767313266]",0.0,26.0,-79.4628934618934,43.6889767313266,Caledonia-Fairbank,466.0266,74.56426,74.56426,0.0
21,Casa Loma,10485.0,8760.0,4320.0,6140.0,"[-79.4014550142353, 43.686640919782]",7.0,64.0,-79.4014550142353,43.686640919782,Casa Loma,494.5679,145.9381,24.32301,0.0
22,Centennial Scarborough,13100.0,9790.0,4800.0,6870.0,"[-79.1456260825496, 43.7697284079075]",0.0,9.0,-79.1456260825496,43.7697284079075,Centennial Scarborough,313.5224,68.15704000000001,20.44711,0.0
23,Church-Yonge Corridor,28345.0,25065.0,17970.0,17795.0,"[-79.3830705117445, 43.6613720049663]",0.0,98.0,-79.3830705117445,43.6613720049663,Church-Yonge Corridor,1937.422,76.37669,351.3328,0.0
24,Clairlea-Birchmount,24775.0,16145.0,10450.0,11720.0,"[-79.2698075136083, 43.7016197049505]",0.0,24.0,-79.2698075136083,43.7016197049505,Clairlea-Birchmount,627.9435,167.2241,102.3821,3.412736
25,Clanton Park,14610.0,10110.0,6030.0,7555.0,"[-79.4436682094965, 43.7311189337355]",2.0,58.0,-79.4436682094965,43.7311189337355,Clanton Park,437.52,234.7668,85.36976,0.0
26,Cliffcrest,15700.0,10505.0,5685.0,7190.0,"[-79.2252201206122, 43.7112728027011]",1.0,9.0,-79.2252201206122,43.7112728027011,Cliffcrest,626.5876,107.2537,129.8335,0.0
27,Corso Italia-Davenport,13735.0,8005.0,6170.0,6700.0,"[-79.4521351447371, 43.6720006802834]",1.0,64.0,-79.4521351447371,43.6720006802834,Corso Italia-Davenport,587.8856,92.47639,79.26547,6.605455999999999
28,Danforth,9450.0,6215.0,3995.0,4855.0,"[-79.3167143358462, 43.68877266712471]",0.0,45.0,-79.3167143358462,43.68877266712471,Danforth,627.8373,67.61325,183.5217,0.0
29,Danforth East York,16710.0,11335.0,6940.0,9060.0,"[-79.3164905693791, 43.6943022597829]",0.0,21.0,-79.3164905693791,43.6943022597829,Danforth East York,303.9019,86.82911,48.84137,5.426819
30,Don Valley Village,26735.0,19700.0,11600.0,12325.0,"[-79.3662204557787, 43.790141293136706]",0.0,27.0,-79.3662204557787,43.790141293136706,Don Valley Village,326.464,115.6227,78.21533000000001,6.8013330000000005
31,Dorset Park,24360.0,15435.0,9995.0,10715.0,"[-79.26826826942602, 43.7601505266218]",0.0,31.0,-79.26826826942602,43.7601505266218,Dorset Park,476.877,262.4672,88.72131,0.0
32,Dovercourt-Wallace Emerson-Junction,34635.0,21815.0,17335.0,18910.0,"[-79.4545074472216, 43.6616327757039]",2.0,89.0,-79.4545074472216,43.6616327757039,Dovercourt-Wallace Emerson-Junction,634.37,156.1145,96.6423,0.0
33,Downsview-Roding-CFB,34650.0,19565.0,14360.0,15800.0,"[-79.5284311615202, 43.7193551775753]",0.0,13.0,-79.5284311615202,43.7193551775753,Downsview-Roding-CFB,915.8308,392.4989,141.0944,5.130705
34,Dufferin Grove,11450.0,8005.0,6020.0,6650.0,"[-79.4316412650605, 43.6527430564478]",0.0,99.0,-79.4316412650605,43.6527430564478,Dufferin Grove,614.4035,139.9907,147.7679,7.777259
35,East End-Danforth,20840.0,14275.0,8885.0,11045.0,"[-79.2849230873244, 43.6807253738272]",0.0,40.0,-79.2849230873244,43.6807253738272,East End-Danforth,636.0332,112.4957,116.8224,0.0
36,Edenbridge-Humber Valley,14945.0,10930.0,5390.0,7245.0,"[-79.51538605271371, 43.6586966281016]",1.0,26.0,-79.51538605271371,43.6586966281016,Edenbridge-Humber Valley,181.6221,210.0006,45.40553,0.0
37,Eglinton East,22830.0,13935.0,9220.0,9010.0,"[-79.2581798488883, 43.7422531679878]",0.0,11.0,-79.2581798488883,43.7422531679878,Eglinton East,614.8282,128.5915,92.42516,8.03697
38,Elms-Old Rexdale,9550.0,5470.0,3890.0,4065.0,"[-79.55307975439071, 43.7298315076541]",0.0,8.0,-79.55307975439071,43.7298315076541,Elms-Old Rexdale,477.8497,398.2081,69.68641,0.0
39,Englemount-Lawrence,22080.0,14080.0,8420.0,8965.0,"[-79.447423145596, 43.7250977242017]",3.0,74.0,-79.447423145596,43.7250977242017,Englemount-Lawrence,410.5385,119.5743,95.65945,3.985811
40,Eringate-Centennial-West Deane,18805.0,13355.0,6605.0,8900.0,"[-79.5732808174987, 43.6447371651577]",0.0,14.0,-79.5732808174987,43.6447371651577,Eringate-Centennial-West Deane,210.801,250.9536,95.36237,0.0
41,Etobicoke West Mall,10925.0,7000.0,4185.0,4970.0,"[-79.5702971112455, 43.6385405295131]",0.0,25.0,-79.5702971112455,43.6385405295131,Etobicoke West Mall,481.9461,76.49939,76.49939,7.649939
42,Flemingdon Park,22165.0,14100.0,9595.0,8790.0,"[-79.3447628886306, 43.7150405941081]",0.0,37.0,-79.3447628886306,43.7150405941081,Flemingdon Park,527.5473,63.81621,21.272070000000003,0.0
43,Forest Hill North,12475.0,9405.0,5280.0,6655.0,"[-79.4165388363939, 43.7079720847151]",1.0,27.0,-79.4165388363939,43.7079720847151,Forest Hill North,301.7368,294.3774,117.751,0.0
44,Forest Hill South,10925.0,8495.0,4295.0,5610.0,"[-79.4014344934971, 43.6910599029414]",4.0,65.0,-79.4014344934971,43.6910599029414,Forest Hill South,200.8032,297.1888,40.16064,0.0
45,Glenfield-Jane Heights,31395.0,15020.0,12545.0,11320.0,"[-79.5053339191882, 43.757902523714]",0.0,18.0,-79.5053339191882,43.757902523714,Glenfield-Jane Heights,844.6611,375.4049,148.3455,3.027459
46,Greenwood-Coxwell,14075.0,9275.0,6380.0,7025.0,"[-79.3155936837105, 43.665629600505]",4.0,68.0,-79.3155936837105,43.665629600505,Greenwood-Coxwell,736.9102,187.4596,135.7466,12.92825
47,Guildwood,9815.0,7285.0,3040.0,4645.0,"[-79.205068651069, 43.7535091917318]",0.0,15.0,-79.205068651069,43.7535091917318,Guildwood,327.746,103.0059,28.09252,0.0
48,Henry Farm,11340.0,8305.0,5425.0,5070.0,"[-79.36344339205192, 43.771211422560405]",0.0,36.0,-79.36344339205192,43.771211422560405,Henry Farm,372.5882,93.14704,26.61344,0.0
49,High Park North,21300.0,16840.0,10500.0,12375.0,"[-79.473687105861, 43.6618491708331]",2.0,74.0,-79.473687105861,43.6618491708331,High Park North,342.0613,73.29885999999999,73.29885999999999,0.0
50,High Park-Swansea,21750.0,16420.0,9205.0,12060.0,"[-79.4521493275074, 43.6551927866022]",0.0,98.0,-79.4521493275074,43.6551927866022,High Park-Swansea,279.3085,150.9776,37.7444,0.0
51,Highland Creek,13100.0,9875.0,5080.0,6700.0,"[-79.1900496268942, 43.7789760866027]",1.0,17.0,-79.1900496268942,43.7789760866027,Highland Creek,236.6779,114.7529,14.344120000000002,0.0
52,Hillcrest Village,17650.0,13355.0,6495.0,7570.0,"[-79.3691568902213, 43.7950899473645]",0.0,29.0,-79.3691568902213,43.7950899473645,Hillcrest Village,256.1447,136.2472,76.29844,0.0
53,Humber Heights-Westmount,10580.0,6625.0,3465.0,4480.0,"[-79.5060778366171, 43.6800127496212]",0.0,5.0,-79.5060778366171,43.6800127496212,Humber Heights-Westmount,186.6126,186.6126,16.22718,0.0
54,Humber Summit,12530.0,6510.0,5000.0,5155.0,"[-79.5370671778546, 43.7531040469983]",0.0,16.0,-79.5370671778546,43.7531040469983,Humber Summit,743.0524,817.3577,185.7631,0.0
55,Humbermede,15850.0,9195.0,6820.0,6810.0,"[-79.5490795311033, 43.7357092350169]",0.0,8.0,-79.5490795311033,43.7357092350169,Humbermede,494.2241,440.6335,83.36310999999999,0.0
56,Humewood-Cedarvale,14110.0,10695.0,6780.0,8185.0,"[-79.4342314357121, 43.6917086927974]",0.0,13.0,-79.4342314357121,43.6917086927974,Humewood-Cedarvale,264.9174,145.0738,37.84534,0.0
57,Ionview,13095.0,8460.0,5550.0,5760.0,"[-79.2675094482568, 43.730909764805]",0.0,20.0,-79.2675094482568,43.730909764805,Ionview,596.9321,41.64642,13.88214,0.0
58,Islington-City Centre West,38070.0,28235.0,15960.0,19735.0,"[-79.541660068977, 43.6150511840077]",0.0,47.0,-79.541660068977,43.6150511840077,Islington-City Centre West,431.2271,291.3696,67.98624000000001,0.0
59,Junction Area,14015.0,7945.0,6840.0,6545.0,"[-79.4686693253837, 43.6761412832912]",0.0,53.0,-79.4686693253837,43.6761412832912,Junction Area,640.0819,230.4295,83.21065,0.0
60,Keelesdale-Eglinton West,10640.0,5450.0,4395.0,5000.0,"[-79.4640654427806, 43.6913264641156]",0.0,25.0,-79.4640654427806,43.6913264641156,Keelesdale-Eglinton West,663.9004,182.5726,91.28631,0.0
61,Kennedy Park,17050.0,10895.0,6825.0,6925.0,"[-79.2557419625388, 43.7177645249128]",0.0,13.0,-79.2557419625388,43.7177645249128,Kennedy Park,950.7253,168.4142,135.8179,0.0
62,Kensington-Chinatown,18500.0,13210.0,10420.0,9495.0,"[-79.3889278224463, 43.6563478260557]",0.0,98.0,-79.3889278224463,43.6563478260557,Kensington-Chinatown,1995.66,264.2008,179.2791,0.0
63,Kingsview Village-The Westway,21725.0,12860.0,8480.0,8935.0,"[-79.5373732982275, 43.7082631716579]",1.0,21.0,-79.5373732982275,43.7082631716579,Kingsview Village-The Westway,420.2762,248.7349,30.01973,0.0
64,Kingsway South,9175.0,6700.0,2920.0,4570.0,"[-79.5221412263233, 43.656033016036005]",1.0,29.0,-79.5221412263233,43.656033016036005,Kingsway South,116.2002,174.3004,38.73342,0.0
65,Lambton Baby Point,7920.0,5315.0,3095.0,3990.0,"[-79.3075373880448, 43.7886401952854]",0.0,20.0,-79.3075373880448,43.7886401952854,Lambton Baby Point,367.6035,130.4399,11.85818,0.0
66,L'Amoreaux,44915.0,29465.0,17720.0,19450.0,"[-79.5055865811382, 43.6654755684059]",0.0,19.0,-79.5055865811382,43.6654755684059,L'Amoreaux,397.7823,68.0146,57.70935,4.122097
67,Lansing-Westgate,14640.0,11370.0,6580.0,7550.0,"[-79.4095250554848, 43.7562809662757]",3.0,49.0,-79.4095250554848,43.7562809662757,Lansing-Westgate,534.553,242.4777,60.61942,0.0
68,Lawrence Park North,14540.0,10345.0,5550.0,7515.0,"[-79.4049913405976, 43.7359806040823]",1.0,56.0,-79.4049913405976,43.7359806040823,Lawrence Park North,272.9985,146.0225,76.18564,0.0
69,Lawrence Park South,15075.0,11335.0,5765.0,7810.0,"[-79.4070796557148, 43.7240636065881]",2.0,55.0,-79.4070796557148,43.7240636065881,Lawrence Park South,168.8273,180.8863,72.35454,0.0
70,Leaside-Bennington,17010.0,11875.0,5870.0,8030.0,"[-79.3605184127031, 43.7031419057215]",0.0,49.0,-79.3605184127031,43.7031419057215,Leaside-Bennington,155.688,225.4791,37.57986,0.0
71,Little Portugal,12055.0,7560.0,6140.0,6835.0,"[-79.4296684356792, 43.6430270932572]",2.0,98.0,-79.4296684356792,43.6430270932572,Little Portugal,450.9329,152.1898,50.72995,0.0
72,Long Branch,9630.0,6830.0,3920.0,5360.0,"[-79.5247378586515, 43.5897484358093]",0.0,19.0,-79.5247378586515,43.5897484358093,Long Branch,579.3843,198.8931,138.3604,0.0
73,Malvern,45085.0,28240.0,19360.0,19425.0,"[-79.2259603274949, 43.7889846980208]",1.0,12.0,-79.2259603274949,43.7889846980208,Malvern,485.8249,132.4977,50.47531,2.103138
74,Maple Leaf,10195.0,5715.0,3945.0,4840.0,"[-79.4708595161089, 43.7164364281583]",0.0,24.0,-79.4708595161089,43.7164364281583,Maple Leaf,274.0477,155.2937,18.26985,0.0
75,Markland Wood,10435.0,8045.0,3195.0,4990.0,"[-79.5571321976606, 43.6295278158994]",3.0,33.0,-79.5571321976606,43.6295278158994,Markland Wood,376.8168,251.2112,143.5493,0.0
76,Milliken,27160.0,17170.0,10765.0,12115.0,"[-79.2885873540872, 43.8067440626433]",0.0,51.0,-79.2885873540872,43.8067440626433,Milliken,294.8639,240.0055,116.5741,0.0
77,Mimico (includes Humber Bay Shores),26550.0,20080.0,11400.0,15120.0,"[-79.4784745053441, 43.6180407214954]",2.0,31.0,-79.4784745053441,43.6180407214954,Mimico (includes Humber Bay Shores),738.2741,134.2317,28.39516,2.581378
78,Morningside,17585.0,11805.0,7255.0,7605.0,"[-79.1967906095139, 43.7960730957455]",1.0,25.0,-79.1967906095139,43.7960730957455,Morningside,551.4608,164.3777,37.11756,5.302508
79,Moss Park,16310.0,11445.0,8845.0,8535.0,"[-79.3727919381748, 43.6527040953801]",3.0,94.0,-79.3727919381748,43.6527040953801,Moss Park,3162.518,167.329,543.8193,8.36645
80,Mount Dennis,13150.0,7535.0,5590.0,5860.0,"[-79.4971199550629, 43.6811207795402]",0.0,18.0,-79.4971199550629,43.6811207795402,Mount Dennis,482.8947,163.232,129.2253,6.8013330000000005
81,Mount Olive-Silverstone-Jamestown,32790.0,18130.0,14745.0,12480.0,"[-79.5799043113426, 43.7606047637549]",0.0,7.0,-79.5799043113426,43.7606047637549,Mount Olive-Silverstone-Jamestown,567.4830000000001,237.616,78.27351,5.590965
82,Mount Pleasant East,15980.0,12170.0,6585.0,9105.0,"[-79.3907468168709, 43.6913291659809]",6.0,70.0,-79.3907468168709,43.6913291659809,Mount Pleasant East,228.1326,105.72,89.02736999999999,0.0
83,Mount Pleasant West,28590.0,24210.0,16490.0,18085.0,"[-79.3861885322844, 43.6975043661747]",2.0,53.0,-79.3861885322844,43.6975043661747,Mount Pleasant West,418.3524,66.05565,49.54174,5.504638
84,New Toronto,10905.0,7445.0,4650.0,5360.0,"[-79.4968413564576, 43.6012283261405]",1.0,20.0,-79.4968413564576,43.6012283261405,New Toronto,693.8352,159.5023,87.7263,0.0
85,Newtonbrook East,16425.0,12580.0,7100.0,7550.0,"[-79.3932382011056, 43.784660837406]",0.0,8.0,-79.3932382011056,43.784660837406,Newtonbrook East,309.9989,208.5447,84.54515,0.0
86,Newtonbrook West,23050.0,17790.0,9875.0,10900.0,"[-79.4270213613855, 43.7772079217892]",1.0,37.0,-79.4270213613855,43.7772079217892,Newtonbrook West,693.0883,233.5822,88.07199,0.0
87,Niagara,21000.0,18010.0,14920.0,15535.0,"[-79.420759416622, 43.6389032792075]",3.0,97.0,-79.420759416622,43.6389032792075,Niagara,469.2732,71.18188,55.363690000000005,2.636366
88,North Riverdale,12195.0,8710.0,4990.0,6850.0,"[-79.3597967544888, 43.6707365412866]",2.0,90.0,-79.3597967544888,43.6707365412866,North Riverdale,246.325,103.2976,111.2435,0.0
89,North St. James Town,17825.0,13355.0,9720.0,8935.0,"[-79.376270792038, 43.6664293113267]",1.0,98.0,-79.376270792038,43.6664293113267,,,,,
90,Oakridge,13505.0,8080.0,5770.0,5010.0,"[-79.3048273200971, 43.7165851942284]",1.0,17.0,-79.3048273200971,43.7165851942284,Oakridge,997.7756,133.4604,177.9473,6.355258999999999
91,Oakwood Village,21075.0,13195.0,8885.0,10465.0,"[-79.2896432830877, 43.6945273424173]",2.0,36.0,-79.2896432830877,43.6945273424173,Oakwood Village,504.6927,110.6782,101.824,8.854258999999999
92,O'Connor-Parkview,18315.0,12015.0,7195.0,8480.0,"[-79.4298991024178, 43.6838873093489]",0.0,78.0,-79.4298991024178,43.6838873093489,O'Connor-Parkview,585.4336,99.22604,94.26473,0.0
93,Old East York,9115.0,6475.0,3425.0,4840.0,"[-79.3356904057412, 43.7030791997533]",1.0,30.0,-79.3356904057412,43.7030791997533,Old East York,295.4059,81.49129,50.93206,0.0
94,Palmerston-Little Italy,13735.0,10515.0,7870.0,8555.0,"[-79.4179822658754, 43.6552544722333]",0.0,100.0,-79.4179822658754,43.6552544722333,Palmerston-Little Italy,340.1814,106.7236,40.02134,6.670224
95,Parkwoods-Donalda,34620.0,24620.0,14365.0,16420.0,"[-79.3361123102507, 43.7415562256228]",0.0,21.0,-79.3361123102507,43.7415562256228,Parkwoods-Donalda,392.0851,115.0116,23.52511,2.613901
96,Pelmo Park-Humberlea,8705.0,5265.0,3345.0,4060.0,"[-79.5277781900335, 43.7065371143048]",1.0,33.0,-79.5277781900335,43.7065371143048,Pelmo Park-Humberlea,447.9557,464.245,57.01254,0.0
97,Playter Estates-Danforth,7655.0,5690.0,3240.0,4325.0,"[-79.3454024242913, 43.680441195517204]",4.0,93.0,-79.3454024242913,43.680441195517204,Playter Estates-Danforth,932.5421,84.77655,96.88749,0.0
98,Pleasant View,16145.0,11315.0,6425.0,7400.0,"[-79.3377107455718, 43.7758324484203]",2.0,73.0,-79.3377107455718,43.7758324484203,Pleasant View,243.2368,172.0456,59.32606,5.932606
99,Princess-Rosethorn,11200.0,8360.0,3775.0,5585.0,"[-79.53748243791962, 43.65290812360251]",0.0,21.0,-79.53748243791962,43.65290812360251,Princess-Rosethorn,195.2648,162.7207,73.22431,0.0
100,Regent Park,10010.0,5820.0,4940.0,3450.0,"[-79.3564502940338, 43.6644904578707]",1.0,95.0,-79.3564502940338,43.6644904578707,Regent Park,1127.104,76.15566,129.4646,7.615566
101,Rexdale-Kipling,10485.0,6505.0,3950.0,4680.0,"[-79.5741646343167, 43.7355404392813]",0.0,13.0,-79.5741646343167,43.7355404392813,Rexdale-Kipling,432.6273,405.5881,117.1699,0.0
102,Rockcliffe-Smythe,22270.0,12730.0,8935.0,9955.0,"[-79.5071296688486, 43.6793510892533]",0.0,5.0,-79.5071296688486,43.6793510892533,Rockcliffe-Smythe,538.9247,256.8313,54.73454,8.420698
103,Roncesvalles,15050.0,10170.0,7135.0,8255.0,"[-79.4521493275074, 43.6551927866022]",0.0,98.0,-79.4521493275074,43.6551927866022,Roncesvalles,746.5937,93.32421,149.3187,0.0
104,Rosedale-Moore Park,20635.0,16640.0,7340.0,10470.0,"[-79.3793753144355, 43.6718374305527]",3.0,95.0,-79.3793753144355,43.6718374305527,Rosedale-Moore Park,620.4364,211.0328,92.85443,0.0
105,Rouge,45905.0,31355.0,19040.0,22630.0,"[-79.200181515255, 43.8036974725661]",1.0,20.0,-79.200181515255,43.8036974725661,Rouge,295.3337,124.0402,78.75565999999999,1.968892
106,Runnymede-Bloor West Village,9635.0,6875.0,3955.0,5140.0,"[-79.4949287739901, 43.6593769938082]",1.0,31.0,-79.4949287739901,43.6593769938082,Runnymede-Bloor West Village,315.0482,157.5241,64.86286,0.0
107,Rustic,9950.0,5260.0,3765.0,3560.0,"[-79.5011714568399, 43.7185614269282]",0.0,18.0,-79.5011714568399,43.7185614269282,Rustic,557.8282,195.2399,74.37709,0.0
108,Scarborough Village,16615.0,9975.0,6800.0,6365.0,"[-79.2200307106905, 43.7284974757118]",0.0,11.0,-79.2200307106905,43.7284974757118,Scarborough Village,982.5569,126.9596,93.8397,5.519982
109,South Parkdale,21245.0,13725.0,11035.0,9780.0,"[-79.4388361647774, 43.632999184321]",1.0,23.0,-79.4388361647774,43.632999184321,South Parkdale,978.8535,66.08293,66.08293,0.0
110,South Riverdale,25640.0,16950.0,12375.0,13730.0,"[-79.3342521342529, 43.6431806090002]",0.0,9.0,-79.3342521342529,43.6431806090002,South Riverdale,701.4061,125.7237,115.7982,0.0
111,St.Andrew-Windfields,17955.0,13825.0,6895.0,8800.0,"[-79.3852387333819, 43.747808761629]",0.0,15.0,-79.3852387333819,43.747808761629,St.Andrew-Windfields,249.1281,154.4594,39.860490000000006,0.0
112,Steeles,25010.0,17135.0,9915.0,10745.0,"[-79.3089876934767, 43.8082759877451]",0.0,25.0,-79.3089876934767,43.8082759877451,Steeles,156.07,104.0467,22.295720000000003,0.0
113,Stonegate-Queensway,24690.0,17820.0,9190.0,12550.0,"[-79.48496738444501, 43.6412304354618]",1.0,35.0,-79.48496738444501,43.6412304354618,Stonegate-Queensway,379.4236,164.1737,72.96607,0.0
114,Tam O'Shanter-Sullivan,27390.0,18660.0,10395.0,11345.0,"[-79.3185495361531, 43.778023654632]",2.0,47.0,-79.3185495361531,43.778023654632,Tam O'Shanter-Sullivan,437.1038,123.4568,60.06006,3.33667
115,Taylor-Massey,15595.0,10215.0,7095.0,6695.0,"[-79.296869933918, 43.7011386713316]",0.0,20.0,-79.296869933918,43.7011386713316,Taylor-Massey,684.6436,84.07903,156.1468,0.0
116,The Beaches,21135.0,15820.0,8450.0,12155.0,"[-79.293211134959, 43.6800049510967]",0.0,50.0,-79.293211134959,43.6800049510967,The Beaches,359.5275,98.44205,25.68053,0.0
117,Thistletown-Beaumond Heights,10140.0,6170.0,4020.0,4290.0,"[-79.5617047368198, 43.742112086675405]",0.0,23.0,-79.5617047368198,43.742112086675405,Thistletown-Beaumond Heights,511.5089,392.7658,82.20679,0.0
118,Thorncliffe Park,19225.0,11445.0,8530.0,6735.0,"[-79.350370238326, 43.699651952332]",1.0,38.0,-79.350370238326,43.699651952332,Thorncliffe Park,399.6938,85.04124,21.26031,8.504125
119,Trinity-Bellwoods,16805.0,10605.0,8750.0,9155.0,"[-79.4067961746276, 43.6542865396434]",0.0,100.0,-79.4067961746276,43.6542865396434,Trinity-Bellwoods,574.7126,71.1549,109.4691,10.94691
120,University,7790.0,5435.0,4565.0,3680.0,"[-79.3936115465026, 43.6655972244077]",4.0,95.0,-79.3936115465026,43.6655972244077,University,1019.803,83.00723,154.1563,0.0
121,Victoria Village,17180.0,11340.0,6755.0,7535.0,"[-79.3224459758419, 43.7163258785894]",3.0,23.0,-79.3224459758419,43.7163258785894,Victoria Village,594.5804,84.18836999999999,57.87951,0.0
122,Waterfront Communities-The Island,43365.0,39080.0,29695.0,31375.0,"[-79.3546047826462, 43.6549105254359]",3.0,95.0,-79.3546047826462,43.6549105254359,Waterfront Communities-The Island,862.1082,76.30284,94.52441,3.416545
123,West Hill,26550.0,17155.0,10440.0,10755.0,"[-79.1960803388911, 43.7756868632516]",0.0,15.0,-79.1960803388911,43.7756868632516,West Hill,1132.495,182.0082,121.3388,6.741043
124,West Humber-Clairville,34100.0,21195.0,15145.0,15865.0,"[-79.5558065968119, 43.7073093326377]",0.0,28.0,-79.5558065968119,43.7073093326377,West Humber-Clairville,667.8696,1066.437,201.9767,8.079067
125,Westminster-Branson,25445.0,19235.0,10180.0,12245.0,"[-79.4470012598403, 43.7670517885172]",1.0,18.0,-79.4470012598403,43.7670517885172,Westminster-Branson,322.1467,169.9235,60.18125,0.0
126,Weston,18170.0,10720.0,7780.0,8625.0,"[-79.5206519989889, 43.6987539773945]",0.0,17.0,-79.5206519989889,43.6987539773945,Weston,1018.116,389.2798,134.7507,14.9723
127,Weston-Pelham Park,12015.0,6240.0,5390.0,5680.0,"[-79.4569297958965, 43.676759807917406]",0.0,23.0,-79.4569297958965,43.676759807917406,,,,,
128,Wexford/Maryvale,27020.0,17625.0,10255.0,12515.0,"[-79.3195548771288, 43.7679300520975]",1.0,46.0,-79.3195548771288,43.7679300520975,Wexford/Maryvale,582.6413,311.4117,97.10689,3.348513
129,Willowdale East,45025.0,37220.0,23425.0,22810.0,"[-79.3911674290048, 43.7806330113652]",0.0,4.0,-79.3911674290048,43.7806330113652,Willowdale East,238.5232,126.1753,67.40874000000001,1.728429
130,Willowdale West,15005.0,11950.0,6450.0,7225.0,"[-79.4137911698636, 43.7729777558747]",2.0,87.0,-79.4137911698636,43.7729777558747,Willowdale West,424.0969,219.7128,127.74,0.0
131,Willowridge-Martingrove-Richview,21345.0,14165.0,7670.0,9355.0,"[-79.5683296239203, 43.6741191022746]",0.0,9.0,-79.5683296239203,43.6741191022746,Willowridge-Martingrove-Richview,397.3839,285.6197,53.8124,0.0
132,Woburn,53350.0,33590.0,22885.0,21665.0,"[-79.2183581838386, 43.7490457922858]",1.0,14.0,-79.2183581838386,43.7490457922858,Woburn,598.8745,165.2068,94.64971,3.441808
133,Woodbine Corridor,11705.0,8225.0,5150.0,6440.0,"[-79.3099421226598, 43.6720732368789]",2.0,71.0,-79.3099421226598,43.6720732368789,Woodbine Corridor,504.3014,81.57816,51.91338,0.0
134,Woodbine-Lumsden,7825.0,5645.0,3195.0,4060.0,"[-79.3134366327372, 43.6872873462959]",0.0,44.0,-79.3134366327372,43.6872873462959,Woodbine-Lumsden,373.0894,48.14057,72.21085,0.0
135,Wychwood,13985.0,8890.0,5730.0,6700.0,"[-79.4146538367128, 43.6739102281804]",2.0,68.0,-79.4146538367128,43.6739102281804,Wychwood,530.0243,162.1251,118.476,6.235580000000001
136,Yonge-Eglinton,10580.0,8515.0,4985.0,6145.0,"[-79.39764385903482, 43.7033975614873]",5.0,90.0,-79.39764385903482,43.7033975614873,Yonge-Eglinton,682.6974,136.5395,75.85526999999999,0.0
137,Yonge-St.Clair,11655.0,10230.0,5145.0,7010.0,"[-79.4050120547099, 43.6959787036027]",2.0,41.0,-79.4050120547099,43.6959787036027,Yonge-St.Clair,163.3175,63.90684,35.5038,0.0
138,York University Heights,27715.0,17375.0,13615.0,12030.0,"[-79.5080896369474, 43.7627147512454]",0.0,21.0,-79.5080896369474,43.7627147512454,York University Heights,1126.267,607.722,155.2334,3.302837
139,Yorkdale-Glen Park,14685.0,8000.0,5370.0,6240.0,"[-79.4706576846475, 43.7253203436703]",1.0,39.0,-79.4706576846475,43.7253203436703,Yorkdale-Glen Park,888.3827,495.4442,227.7904,5.694761
